{
  "TrumpImg" : "resources/ash.png",
  "StoolImg" : "resources/stool.png",
  "TableImg" : "resources/new_table.png",
  "ServiceTableImg" : "resources/service_table.png",
  "OptionBtn" : "resources/buttonOptions.png",
  "ExitBtn" : "resources/buttonExit.png",
  "PlayBtn" : "resources/buttonPlay.png",
  "FatTonyImg" : "resources/FatTony.png",
  "TrumpOneImg" : "resources/singleTrump.png",
  "ChefImg" : "resources/chef.png",
  "MoneyImg" : "resources/money.png",
  "LasagneImg" : "resources/Lasagna.png",
  "SpagImg" : "resources/dinnerDish.png",
  "PizzaImg" : "resources/Pizza.png",
  "BackImg" : "resources/backbtn.png",
  "LeftArrowImg" : "resources/leftarrow.png",
  "RightArrowImg" : "resources/rightarrow.png",
  "backGroundImg" : "resources/background.jpg",
  "InstructionsImg" : "resources/instructions.png",
  "customerImg" : "resources/newSheet.png",
  "SparkImg" : "resources/spark.png",
  "ParticleImg" : "resources/texture.png",
  "thoughtBubbleImg" : "resources/thoughtBubble.png",
  "thoughtBubblePOne" : "resources/thoughtBubblePlyrOne.png"
}
